{"class_name": "Sequential", "config": {"name": "sequential_1", "layers": [{"class_name": "LSTM", "config": {"name": "lstm_1", "trainable": true, "batch_input_shape": [null, 8688, 4], "dtype": "float32", "return_sequences": true, "return_state": false, "go_backwards": false, "stateful": false, "unroll": false, "units": 30, "activation": "tanh", "recurrent_activation": "sigmoid", "use_bias": true, "kernel_initializer": {"class_name": "VarianceScaling", "config": {"scale": 1.0, "mode": "fan_avg", "distribution": "uniform", "seed": null}}, "recurrent_initializer": {"class_name": "Orthogonal", "config": {"gain": 1.0, "seed": null}}, "bias_initializer": {"class_name": "Zeros", "config": {}}, "unit_forget_bias": true, "kernel_regularizer": null, "recurrent_regularizer": null, "bias_regularizer": null, "activity_regularizer": null, "kernel_constraint": {"class_name": "MaxNorm", "config": {"max_value": 2, "axis": 0}}, "recurrent_constraint": null, "bias_constraint": null, "dropout": 0.3, "recurrent_dropout": 0.0, "implementation": 1}}, {"class_name": "MaxPooling1D", "config": {"name": "max_pooling1d_1", "trainable": true, "strides": [5], "pool_size": [10], "padding": "valid", "data_format": "channels_last"}}, {"class_name": "LSTM", "config": {"name": "lstm_2", "trainable": true, "return_sequences": true, "return_state": false, "go_backwards": false, "stateful": false, "unroll": false, "units": 30, "activation": "tanh", "recurrent_activation": "sigmoid", "use_bias": true, "kernel_initializer": {"class_name": "VarianceScaling", "config": {"scale": 1.0, "mode": "fan_avg", "distribution": "uniform", "seed": null}}, "recurrent_initializer": {"class_name": "Orthogonal", "config": {"gain": 1.0, "seed": null}}, "bias_initializer": {"class_name": "Zeros", "config": {}}, "unit_forget_bias": true, "kernel_regularizer": null, "recurrent_regularizer": null, "bias_regularizer": null, "activity_regularizer": null, "kernel_constraint": {"class_name": "MaxNorm", "config": {"max_value": 2, "axis": 0}}, "recurrent_constraint": null, "bias_constraint": null, "dropout": 0.3, "recurrent_dropout": 0.0, "implementation": 1}}, {"class_name": "LSTM", "config": {"name": "lstm_3", "trainable": true, "batch_input_shape": [null, 8688, 4], "dtype": "float32", "return_sequences": true, "return_state": false, "go_backwards": false, "stateful": false, "unroll": false, "units": 30, "activation": "tanh", "recurrent_activation": "sigmoid", "use_bias": true, "kernel_initializer": {"class_name": "VarianceScaling", "config": {"scale": 1.0, "mode": "fan_avg", "distribution": "uniform", "seed": null}}, "recurrent_initializer": {"class_name": "Orthogonal", "config": {"gain": 1.0, "seed": null}}, "bias_initializer": {"class_name": "Zeros", "config": {}}, "unit_forget_bias": true, "kernel_regularizer": null, "recurrent_regularizer": null, "bias_regularizer": null, "activity_regularizer": null, "kernel_constraint": {"class_name": "MaxNorm", "config": {"max_value": 2, "axis": 0}}, "recurrent_constraint": null, "bias_constraint": null, "dropout": 0.0, "recurrent_dropout": 0.0, "implementation": 1}}, {"class_name": "MaxPooling1D", "config": {"name": "max_pooling1d_2", "trainable": true, "strides": [5], "pool_size": [10], "padding": "valid", "data_format": "channels_last"}}, {"class_name": "LSTM", "config": {"name": "lstm_4", "trainable": true, "return_sequences": true, "return_state": false, "go_backwards": false, "stateful": false, "unroll": false, "units": 30, "activation": "tanh", "recurrent_activation": "sigmoid", "use_bias": true, "kernel_initializer": {"class_name": "VarianceScaling", "config": {"scale": 1.0, "mode": "fan_avg", "distribution": "uniform", "seed": null}}, "recurrent_initializer": {"class_name": "Orthogonal", "config": {"gain": 1.0, "seed": null}}, "bias_initializer": {"class_name": "Zeros", "config": {}}, "unit_forget_bias": true, "kernel_regularizer": null, "recurrent_regularizer": null, "bias_regularizer": null, "activity_regularizer": null, "kernel_constraint": {"class_name": "MaxNorm", "config": {"max_value": 2, "axis": 0}}, "recurrent_constraint": null, "bias_constraint": null, "dropout": 0.0, "recurrent_dropout": 0.0, "implementation": 1}}, {"class_name": "Flatten", "config": {"name": "flatten_1", "trainable": true, "data_format": "channels_last"}}, {"class_name": "Dense", "config": {"name": "dense_1", "trainable": true, "units": 1, "activation": "linear", "use_bias": true, "kernel_initializer": {"class_name": "VarianceScaling", "config": {"scale": 1.0, "mode": "fan_avg", "distribution": "uniform", "seed": null}}, "bias_initializer": {"class_name": "Zeros", "config": {}}, "kernel_regularizer": null, "bias_regularizer": null, "activity_regularizer": null, "kernel_constraint": null, "bias_constraint": null}}, {"class_name": "Activation", "config": {"name": "activation_1", "trainable": true, "activation": "sigmoid"}}]}, "keras_version": "2.2.4", "backend": "tensorflow"}