{"class_name": "Sequential", "config": {"name": "sequential_1", "layers": [{"class_name": "Conv1D", "config": {"name": "conv1d_1", "trainable": true, "batch_input_shape": [null, 8688, 4], "dtype": "float32", "filters": 120, "kernel_size": [8], "strides": [1], "padding": "valid", "data_format": "channels_last", "dilation_rate": [1], "activation": "linear", "use_bias": true, "kernel_initializer": {"class_name": "VarianceScaling", "config": {"scale": 1.0, "mode": "fan_avg", "distribution": "uniform", "seed": null}}, "bias_initializer": {"class_name": "Zeros", "config": {}}, "kernel_regularizer": null, "bias_regularizer": null, "activity_regularizer": null, "kernel_constraint": {"class_name": "MaxNorm", "config": {"max_value": 2, "axis": 0}}, "bias_constraint": null}}, {"class_name": "Activation", "config": {"name": "activation_1", "trainable": true, "activation": "relu"}}, {"class_name": "BatchNormalization", "config": {"name": "batch_normalization_1", "trainable": true, "axis": -1, "momentum": 0.99, "epsilon": 0.001, "center": true, "scale": true, "beta_initializer": {"class_name": "Zeros", "config": {}}, "gamma_initializer": {"class_name": "Ones", "config": {}}, "moving_mean_initializer": {"class_name": "Zeros", "config": {}}, "moving_variance_initializer": {"class_name": "Ones", "config": {}}, "beta_regularizer": null, "gamma_regularizer": null, "beta_constraint": null, "gamma_constraint": null}}, {"class_name": "Dropout", "config": {"name": "dropout_1", "trainable": true, "rate": 0.3, "noise_shape": null, "seed": null}}, {"class_name": "MaxPooling1D", "config": {"name": "max_pooling1d_1", "trainable": true, "strides": [2], "pool_size": [2], "padding": "valid", "data_format": "channels_last"}}, {"class_name": "Conv1D", "config": {"name": "conv1d_2", "trainable": true, "filters": 120, "kernel_size": [8], "strides": [1], "padding": "valid", "data_format": "channels_last", "dilation_rate": [1], "activation": "linear", "use_bias": true, "kernel_initializer": {"class_name": "VarianceScaling", "config": {"scale": 1.0, "mode": "fan_avg", "distribution": "uniform", "seed": null}}, "bias_initializer": {"class_name": "Zeros", "config": {}}, "kernel_regularizer": null, "bias_regularizer": null, "activity_regularizer": null, "kernel_constraint": {"class_name": "MaxNorm", "config": {"max_value": 2, "axis": 0}}, "bias_constraint": null}}, {"class_name": "Activation", "config": {"name": "activation_2", "trainable": true, "activation": "relu"}}, {"class_name": "BatchNormalization", "config": {"name": "batch_normalization_2", "trainable": true, "axis": -1, "momentum": 0.99, "epsilon": 0.001, "center": true, "scale": true, "beta_initializer": {"class_name": "Zeros", "config": {}}, "gamma_initializer": {"class_name": "Ones", "config": {}}, "moving_mean_initializer": {"class_name": "Zeros", "config": {}}, "moving_variance_initializer": {"class_name": "Ones", "config": {}}, "beta_regularizer": null, "gamma_regularizer": null, "beta_constraint": null, "gamma_constraint": null}}, {"class_name": "Dropout", "config": {"name": "dropout_2", "trainable": true, "rate": 0.5, "noise_shape": null, "seed": null}}, {"class_name": "MaxPooling1D", "config": {"name": "max_pooling1d_2", "trainable": true, "strides": [2], "pool_size": [2], "padding": "valid", "data_format": "channels_last"}}, {"class_name": "Conv1D", "config": {"name": "conv1d_3", "trainable": true, "filters": 120, "kernel_size": [8], "strides": [1], "padding": "valid", "data_format": "channels_last", "dilation_rate": [1], "activation": "linear", "use_bias": true, "kernel_initializer": {"class_name": "VarianceScaling", "config": {"scale": 1.0, "mode": "fan_avg", "distribution": "uniform", "seed": null}}, "bias_initializer": {"class_name": "Zeros", "config": {}}, "kernel_regularizer": null, "bias_regularizer": null, "activity_regularizer": null, "kernel_constraint": {"class_name": "MaxNorm", "config": {"max_value": 2, "axis": 0}}, "bias_constraint": null}}, {"class_name": "Activation", "config": {"name": "activation_3", "trainable": true, "activation": "relu"}}, {"class_name": "BatchNormalization", "config": {"name": "batch_normalization_3", "trainable": true, "axis": -1, "momentum": 0.99, "epsilon": 0.001, "center": true, "scale": true, "beta_initializer": {"class_name": "Zeros", "config": {}}, "gamma_initializer": {"class_name": "Ones", "config": {}}, "moving_mean_initializer": {"class_name": "Zeros", "config": {}}, "moving_variance_initializer": {"class_name": "Ones", "config": {}}, "beta_regularizer": null, "gamma_regularizer": null, "beta_constraint": null, "gamma_constraint": null}}, {"class_name": "Dropout", "config": {"name": "dropout_3", "trainable": true, "rate": 0.5, "noise_shape": null, "seed": null}}, {"class_name": "MaxPooling1D", "config": {"name": "max_pooling1d_3", "trainable": true, "strides": [2], "pool_size": [2], "padding": "valid", "data_format": "channels_last"}}, {"class_name": "Conv1D", "config": {"name": "conv1d_4", "trainable": true, "filters": 120, "kernel_size": [8], "strides": [1], "padding": "valid", "data_format": "channels_last", "dilation_rate": [1], "activation": "linear", "use_bias": true, "kernel_initializer": {"class_name": "VarianceScaling", "config": {"scale": 1.0, "mode": "fan_avg", "distribution": "uniform", "seed": null}}, "bias_initializer": {"class_name": "Zeros", "config": {}}, "kernel_regularizer": null, "bias_regularizer": null, "activity_regularizer": null, "kernel_constraint": {"class_name": "MaxNorm", "config": {"max_value": 2, "axis": 0}}, "bias_constraint": null}}, {"class_name": "Activation", "config": {"name": "activation_4", "trainable": true, "activation": "relu"}}, {"class_name": "BatchNormalization", "config": {"name": "batch_normalization_4", "trainable": true, "axis": -1, "momentum": 0.99, "epsilon": 0.001, "center": true, "scale": true, "beta_initializer": {"class_name": "Zeros", "config": {}}, "gamma_initializer": {"class_name": "Ones", "config": {}}, "moving_mean_initializer": {"class_name": "Zeros", "config": {}}, "moving_variance_initializer": {"class_name": "Ones", "config": {}}, "beta_regularizer": null, "gamma_regularizer": null, "beta_constraint": null, "gamma_constraint": null}}, {"class_name": "Dropout", "config": {"name": "dropout_4", "trainable": true, "rate": 0.5, "noise_shape": null, "seed": null}}, {"class_name": "Conv1D", "config": {"name": "conv1d_5", "trainable": true, "filters": 120, "kernel_size": [8], "strides": [1], "padding": "valid", "data_format": "channels_last", "dilation_rate": [1], "activation": "linear", "use_bias": true, "kernel_initializer": {"class_name": "VarianceScaling", "config": {"scale": 1.0, "mode": "fan_avg", "distribution": "uniform", "seed": null}}, "bias_initializer": {"class_name": "Zeros", "config": {}}, "kernel_regularizer": null, "bias_regularizer": null, "activity_regularizer": null, "kernel_constraint": {"class_name": "MaxNorm", "config": {"max_value": 2, "axis": 0}}, "bias_constraint": null}}, {"class_name": "Activation", "config": {"name": "activation_5", "trainable": true, "activation": "relu"}}, {"class_name": "BatchNormalization", "config": {"name": "batch_normalization_5", "trainable": true, "axis": -1, "momentum": 0.99, "epsilon": 0.001, "center": true, "scale": true, "beta_initializer": {"class_name": "Zeros", "config": {}}, "gamma_initializer": {"class_name": "Ones", "config": {}}, "moving_mean_initializer": {"class_name": "Zeros", "config": {}}, "moving_variance_initializer": {"class_name": "Ones", "config": {}}, "beta_regularizer": null, "gamma_regularizer": null, "beta_constraint": null, "gamma_constraint": null}}, {"class_name": "Dropout", "config": {"name": "dropout_5", "trainable": true, "rate": 0.5, "noise_shape": null, "seed": null}}, {"class_name": "Conv1D", "config": {"name": "conv1d_6", "trainable": true, "filters": 120, "kernel_size": [8], "strides": [1], "padding": "valid", "data_format": "channels_last", "dilation_rate": [1], "activation": "linear", "use_bias": true, "kernel_initializer": {"class_name": "VarianceScaling", "config": {"scale": 1.0, "mode": "fan_avg", "distribution": "uniform", "seed": null}}, "bias_initializer": {"class_name": "Zeros", "config": {}}, "kernel_regularizer": null, "bias_regularizer": null, "activity_regularizer": null, "kernel_constraint": {"class_name": "MaxNorm", "config": {"max_value": 2, "axis": 0}}, "bias_constraint": null}}, {"class_name": "Activation", "config": {"name": "activation_6", "trainable": true, "activation": "relu"}}, {"class_name": "BatchNormalization", "config": {"name": "batch_normalization_6", "trainable": true, "axis": -1, "momentum": 0.99, "epsilon": 0.001, "center": true, "scale": true, "beta_initializer": {"class_name": "Zeros", "config": {}}, "gamma_initializer": {"class_name": "Ones", "config": {}}, "moving_mean_initializer": {"class_name": "Zeros", "config": {}}, "moving_variance_initializer": {"class_name": "Ones", "config": {}}, "beta_regularizer": null, "gamma_regularizer": null, "beta_constraint": null, "gamma_constraint": null}}, {"class_name": "Dropout", "config": {"name": "dropout_6", "trainable": true, "rate": 0.5, "noise_shape": null, "seed": null}}, {"class_name": "Conv1D", "config": {"name": "conv1d_7", "trainable": true, "filters": 120, "kernel_size": [8], "strides": [1], "padding": "valid", "data_format": "channels_last", "dilation_rate": [1], "activation": "linear", "use_bias": true, "kernel_initializer": {"class_name": "VarianceScaling", "config": {"scale": 1.0, "mode": "fan_avg", "distribution": "uniform", "seed": null}}, "bias_initializer": {"class_name": "Zeros", "config": {}}, "kernel_regularizer": null, "bias_regularizer": null, "activity_regularizer": null, "kernel_constraint": {"class_name": "MaxNorm", "config": {"max_value": 2, "axis": 0}}, "bias_constraint": null}}, {"class_name": "Activation", "config": {"name": "activation_7", "trainable": true, "activation": "relu"}}, {"class_name": "BatchNormalization", "config": {"name": "batch_normalization_7", "trainable": true, "axis": -1, "momentum": 0.99, "epsilon": 0.001, "center": true, "scale": true, "beta_initializer": {"class_name": "Zeros", "config": {}}, "gamma_initializer": {"class_name": "Ones", "config": {}}, "moving_mean_initializer": {"class_name": "Zeros", "config": {}}, "moving_variance_initializer": {"class_name": "Ones", "config": {}}, "beta_regularizer": null, "gamma_regularizer": null, "beta_constraint": null, "gamma_constraint": null}}, {"class_name": "Dropout", "config": {"name": "dropout_7", "trainable": true, "rate": 0.5, "noise_shape": null, "seed": null}}, {"class_name": "Conv1D", "config": {"name": "conv1d_8", "trainable": true, "filters": 120, "kernel_size": [8], "strides": [1], "padding": "valid", "data_format": "channels_last", "dilation_rate": [1], "activation": "linear", "use_bias": true, "kernel_initializer": {"class_name": "VarianceScaling", "config": {"scale": 1.0, "mode": "fan_avg", "distribution": "uniform", "seed": null}}, "bias_initializer": {"class_name": "Zeros", "config": {}}, "kernel_regularizer": null, "bias_regularizer": null, "activity_regularizer": null, "kernel_constraint": {"class_name": "MaxNorm", "config": {"max_value": 2, "axis": 0}}, "bias_constraint": null}}, {"class_name": "Activation", "config": {"name": "activation_8", "trainable": true, "activation": "relu"}}, {"class_name": "BatchNormalization", "config": {"name": "batch_normalization_8", "trainable": true, "axis": -1, "momentum": 0.99, "epsilon": 0.001, "center": true, "scale": true, "beta_initializer": {"class_name": "Zeros", "config": {}}, "gamma_initializer": {"class_name": "Ones", "config": {}}, "moving_mean_initializer": {"class_name": "Zeros", "config": {}}, "moving_variance_initializer": {"class_name": "Ones", "config": {}}, "beta_regularizer": null, "gamma_regularizer": null, "beta_constraint": null, "gamma_constraint": null}}, {"class_name": "Dropout", "config": {"name": "dropout_8", "trainable": true, "rate": 0.5, "noise_shape": null, "seed": null}}, {"class_name": "GlobalMaxPooling1D", "config": {"name": "global_max_pooling1d_1", "trainable": true, "data_format": "channels_last"}}, {"class_name": "Dense", "config": {"name": "dense_1", "trainable": true, "units": 1, "activation": "linear", "use_bias": true, "kernel_initializer": {"class_name": "VarianceScaling", "config": {"scale": 1.0, "mode": "fan_avg", "distribution": "uniform", "seed": null}}, "bias_initializer": {"class_name": "Zeros", "config": {}}, "kernel_regularizer": null, "bias_regularizer": null, "activity_regularizer": null, "kernel_constraint": null, "bias_constraint": null}}, {"class_name": "Activation", "config": {"name": "activation_9", "trainable": true, "activation": "sigmoid"}}]}, "keras_version": "2.2.4", "backend": "tensorflow"}